{"cameraMode":{"drawMode":0,"name":"Shaded","section":"Shading Mode"},"sceneLighting":false,"audioPlay":false,"sceneViewState":{"showFog":true,"showMaterialUpdate":false,"showSkybox":false,"showFlares":true,"showImageEffects":true,"showParticleSystems":true},"in2DMode":false,"pivot":{"x":501.1571350097656,"y":322.5556640625,"z":11.58380126953125},"rotation":{"x":0.22025901079177857,"y":0.0468333438038826,"z":-0.010437858290970326,"w":0.9743666052818298},"size":423.9222412109375,"orthographic":false}